S/N,Date,Time,Position#1,Position#2,Position#3,Status
1000-0-000,28/11/2025,0:19:48,OK,OK,OK,PASS
1000-1-001,28/11/2025,0:19:48,OK,OK,OK,PASS
1000-2-002,28/11/2025,0:19:48,OK,OK,OK,PASS
1000-3-003,28/11/2025,0:19:49,OK,OK,OK,PASS
1000-4-004,28/11/2025,0:19:49,OK,OK,OK,PASS
1000-5-005,28/11/2025,0:19:49,OK,OK,OK,PASS
1000-6-006,28/11/2025,0:19:49,OK,OK,OK,PASS
1000-7-007,28/11/2025,0:19:49,OK,OK,OK,PASS
1000-8-008,28/11/2025,0:19:49,OK,OK,OK,PASS
1000-9-009,28/11/2025,0:19:49,OK,OK,OK,PASS
1000-a-00a,28/11/2025,0:19:49,OK,OK,OK,PASS
1000-b-00b,28/11/2025,0:19:49,OK,OK,OK,PASS
1000-c-00c,28/11/2025,0:19:49,OK,OK,OK,PASS
1000-d-00d,28/11/2025,0:19:50,OK,OK,OK,PASS
1000-e-00e,28/11/2025,0:19:50,OK,OK,OK,PASS
1000-f-00f,28/11/2025,0:19:50,OK,OK,OK,PASS
1000-10-010,28/11/2025,0:19:50,OK,OK,OK,PASS
1000-11-011,28/11/2025,0:19:50,OK,OK,OK,PASS
1000-12-012,28/11/2025,0:19:50,OK,OK,OK,PASS
1000-13-013,28/11/2025,0:19:50,OK,OK,OK,PASS
1000-14-014,28/11/2025,0:19:50,OK,OK,OK,PASS
1000-15-015,28/11/2025,0:19:50,OK,OK,OK,PASS
1000-16-016,28/11/2025,0:19:50,OK,OK,OK,PASS
1000-17-017,28/11/2025,0:19:51,OK,OK,OK,PASS
1000-18-018,28/11/2025,0:19:51,OK,OK,OK,PASS
1000-19-019,28/11/2025,0:19:51,OK,OK,OK,PASS
1000-1a-01a,28/11/2025,0:19:51,OK,OK,OK,PASS
1000-1b-01b,28/11/2025,0:19:51,OK,OK,OK,PASS
1000-1c-01c,28/11/2025,0:19:51,OK,OK,OK,PASS
1000-1d-01d,28/11/2025,0:19:51,OK,OK,OK,PASS
1000-1e-01e,28/11/2025,0:19:51,OK,OK,OK,PASS
1000-1f-01f,28/11/2025,0:19:51,OK,OK,OK,PASS
1000-20-020,28/11/2025,0:19:51,OK,OK,OK,PASS
1000-21-021,28/11/2025,0:19:52,OK,OK,OK,PASS
1000-22-022,28/11/2025,0:19:52,OK,OK,OK,PASS
1000-23-023,28/11/2025,0:19:52,OK,OK,OK,PASS
1000-24-024,28/11/2025,0:19:52,OK,OK,OK,PASS
1000-25-025,28/11/2025,0:19:52,OK,OK,OK,PASS
1000-26-026,28/11/2025,0:19:52,OK,OK,OK,PASS
1000-27-027,28/11/2025,0:19:52,OK,OK,OK,PASS
1000-28-028,28/11/2025,0:19:52,OK,OK,OK,PASS
1000-29-029,28/11/2025,0:19:52,OK,OK,OK,PASS
1000-2a-02a,28/11/2025,0:19:52,OK,OK,OK,PASS
1000-2b-02b,28/11/2025,0:19:53,OK,OK,OK,PASS
1000-2c-02c,28/11/2025,0:19:53,OK,OK,OK,PASS
1000-2d-02d,28/11/2025,0:19:53,OK,OK,OK,PASS
1000-2e-02e,28/11/2025,0:19:53,OK,OK,OK,PASS
1000-2f-02f,28/11/2025,0:19:53,OK,OK,OK,PASS
1000-30-030,28/11/2025,0:19:53,OK,OK,OK,PASS
1000-31-031,28/11/2025,0:19:53,OK,OK,OK,PASS
